"assignment","app_mean_sleep_quality","app_mean_sleep_efficacy","app_sd_sleep_quality","app_sd_sleep_efficacy","aw_mean_sleep_efficacy","aw_sd_sleep_efficacy"
"Phone",64.8421052631579,89.9161778140384,15.4713468418045,5.66294226049888,92.9105361313644,5.9737295717848
"Read",71.625,88.615445504859,16.5051046122365,7.80568710598422,90.5830375876475,7.15001660492283
