"assignment","app_mean_sleep_quality","app_mean_sleep_efficacy","app_sd_sleep_quality","app_sd_sleep_efficacy","aw_mean_sleep_efficacy","aw_sd_sleep_efficacy"
"Phone",56,91.9945201300485,7.95298686029343,5.54493821387449,97.4682766379984,1.6071064424113
"Read",70.375,91.6876947573325,18.8750591295195,9.18748095398009,96.014478832646,4.29347077959444
