"assignment","app_mean_sleep_quality","app_mean_sleep_efficacy","app_sd_sleep_quality","app_sd_sleep_efficacy","aw_mean_sleep_efficacy","aw_sd_sleep_efficacy"
"Phone",72.8,88.0456697296293,16.5516028092616,5.34796104943901,88.8085696753938,5.44117436479974
"Read",72.25,87.0793208786223,15.8177115917569,6.81776135267306,87.8673169651483,6.79597466173612
